Index,Customer_id,First_name,Last_name,Company,City,Country,Phone1,Phone2,Email,Subscription_date,Website
11,9653ca648e2E414,Martin,Hawkins,Lopez Inc,Lake Bobton,Mauritania,001-402-567-1320,732-908-7945,danielbuckley@hatfield.info,2021-05-02,https://www.newman.com/
12,e586A2D67bcdB48,Sara,Shaffer,"Dudley, Coleman and Green",Orrland,Gambia,4229986278,001-028-824-7381x56737,gabrielaleach@rose.net,2021-04-07,https://www.hoffman-rubio.com/
13,c388ECa44FFe37c,Dave,Moran,Harrell-Donovan,South Elizabeth,Sweden,575.006.7250x9748,262-029-1096,cartermallory@chung.com,2020-02-28,https://hinton.info/
14,f8dddbf9CD6FF92,Glen,Hammond,"Schaefer, Chung and Lin",Pamelatown,Netherlands,001-887-543-3745x055,001-955-888-1987x09071,lweeks@hooper.org,2022-03-03,https://bush-huynh.org/
15,86Df56BFCc0a7CA,Catherine,Blackwell,"Mack, Garcia and Schaefer",Lake Seth,Dominican Republic,001-915-961-8896x5744,(310)185-3032x0974,calhounalisha@hardin.net,2021-03-30,https://barker-bishop.info/
16,2cfDE68A372cC7A,Larry,Newton,Downs PLC,Mannstad,Belize,(216)514-1412,001-449-365-5864x147,ypayne@gaines.biz,2020-08-09,https://figueroa.com/
17,14CBc0BDfbE6FEA,Danny,Archer,"Castro, Haney and Hanna",East Diamond,Cook Islands,8416559700,001-212-234-3412x91164,nwu@brady-chen.com,2021-05-21,http://www.callahan.net/
18,48b3ACBfD6A5cdC,Kim,Griffin,Tyler-Levine,New Gwendolyn,Saint Kitts and Nevis,597.367.9499x5429,506.141.4174x6326,harold11@mullen.org,2021-06-02,http://www.mclaughlin-hubbard.net/
19,dB52fA7Bec665C1,Kristin,Valencia,Liu-Douglas,Martinezstad,French Southern Territories,443-671-1725x7073,6244311825,andrewsanders@marks.com,2021-04-17,http://www.myers.com/
20,e99DcfDaDac8a06,Hannah,Ramsey,Hicks-Duran,Port Adrianport,Singapore,(822)795-8754x29384,(769)638-7026x967,amy99@booker.com,2020-12-30,http://www.larsen-floyd.biz/
21,28D7BcC82d076F2,Barry,Meadows,"Weiss, King and Morrison",Wallston,Congo,629.168.7457,001-092-440-6540,basschristian@faulkner.com,2020-01-01,https://chavez.com/
22,Beb0D2e4BA54a51,Roy,Brock,Becker-Woodard,Port Martha,Zimbabwe,001-102-869-0189x1414,303.040.0780x2768,ldelacruz@spence.com,2021-06-27,https://www.norman.org/
23,EFe791B6Ce06A1A,Patricia,Pope,Zavala-Garcia,East Johnnystad,Tonga,775.341.8738x21724,(786)324-4817x9051,hayleyritter@price.net,2020-05-19,http://www.moyer.com/
24,Ebe45ac4Ae5e20C,Alan,Stanton,Munoz and Sons,Lake Isaiahview,Costa Rica,(510)542-0174x853,995.008.2375x973,yhebert@hays-rivera.com,2020-01-23,http://young.com/
